business_name,category,city,address,phone,source
Urban Fitness Center,Hospital,Mumbai,"MG Road, Mumbai",6962519303,Google
Urban Dental Clinic,Hospital,Delhi,"Powai, Delhi",9423823452,Google
Royal Hotel,Salon,Pune,"Powai, Pune",9298525339,Sulekha
Metro Restaurant,Hospital,Delhi,"Kharadi, Delhi",9833678055,Google
Modern Gym,Salon,Chennai,"Kharadi, Chennai",6976889810,Justdial
Elite Hotel,Hotel,Delhi,"Baner, Delhi",7427295683,Google
Royal Gym,Gym,Bangalore,"MG Road, Bangalore",9932849698,Justdial
Royal Restaurant,Dental,Delhi,"Baner, Delhi",6262807617,Sulekha
Smart Salon,Cafe,Bangalore,"Hinjewadi, Bangalore",8839509715,Google
Shree Hospital,Dental,Nashik,"Baner, Nashik",6921073867,Justdial
Sai Gym,Hotel,Chennai,"Kharadi, Chennai",8152197260,Justdial
Star Hospital,Gym,Mumbai,"Baner, Mumbai",7891150001,Google
Urban Cafe,Cafe,Hyderabad,"Kharadi, Hyderabad",7282319239,Sulekha
Metro Fitness Center,Salon,Bangalore,"Powai, Bangalore",7690261660,Google
Smart Salon,Gym,Hyderabad,"Powai, Hyderabad",8192779374,Justdial
Urban Gym,Hospital,Mumbai,"Andheri, Mumbai",7731174742,Google
Smart Fitness Center,Dental,Delhi,"MG Road, Delhi",6516370114,Google
Sai Salon,Salon,Bangalore,"CP, Bangalore",7459900493,Sulekha
Smart Dental Clinic,Salon,Bangalore,"Andheri, Bangalore",9829178101,Sulekha
Smart Hotel,Dental,Hyderabad,"Hinjewadi, Hyderabad",7837676126,Justdial
Urban Hospital,Hospital,Mumbai,"Andheri, Mumbai",6813575257,Google
Prime Hospital,Restaurant,Bangalore,"Hinjewadi, Bangalore",9465058565,Justdial
Prime Fitness Center,Hotel,Pune,"Andheri, Pune",7762412595,Google
Prime Salon,Salon,Pune,"Hinjewadi, Pune",6136196678,Sulekha
Prime Fitness Center,Gym,Bangalore,"MG Road, Bangalore",9624202352,Justdial
Sai Restaurant,Restaurant,Bangalore,"Kharadi, Bangalore",8246354246,Justdial
Metro Salon,Cafe,Delhi,"MG Road, Delhi",8773229978,Google
Royal Hospital,Restaurant,Nashik,"Andheri, Nashik",7462635259,Google
Modern Hospital,Salon,Bangalore,"Hinjewadi, Bangalore",9813662016,Justdial
Smart Salon,Hospital,Bangalore,"Hinjewadi, Bangalore",7384043906,Sulekha
Shree Hospital,Dental,Delhi,"CP, Delhi",6886739997,Google
Shree Hospital,Restaurant,Chennai,"CP, Chennai",9796805126,Justdial
Royal Hotel,Dental,Hyderabad,"Andheri, Hyderabad",7064199908,Sulekha
Elite Hotel,Cafe,Hyderabad,"CP, Hyderabad",8095911852,Sulekha
Royal Hospital,Restaurant,Chennai,"MG Road, Chennai",9387169831,Google
Prime Hotel,Dental,Pune,"MG Road, Pune",8402202731,Google
Elite Fitness Center,Restaurant,Chennai,"Bandra, Chennai",7977574005,Sulekha
Prime Hotel,Restaurant,Delhi,"Andheri, Delhi",6889433366,Sulekha
Modern Hospital,Restaurant,Bangalore,"MG Road, Bangalore",6405933128,Google
Sai Hospital,Restaurant,Delhi,"Hinjewadi, Delhi",7122277037,Justdial
Metro Fitness Center,Cafe,Chennai,"MG Road, Chennai",6330977972,Google
Modern Cafe,Salon,Pune,"CP, Pune",9369487362,Sulekha
Royal Restaurant,Gym,Bangalore,"CP, Bangalore",8164375471,Justdial
Prime Dental Clinic,Hotel,Bangalore,"Powai, Bangalore",7758246985,Google
Modern Salon,Hospital,Pune,"Bandra, Pune",7366786369,Google
Star Fitness Center,Dental,Chennai,"Powai, Chennai",9549410439,Sulekha
Modern Fitness Center,Restaurant,Delhi,"Kharadi, Delhi",6507496223,Google
Star Hotel,Restaurant,Bangalore,"Powai, Bangalore",8640420635,Google
Modern Salon,Gym,Hyderabad,"MG Road, Hyderabad",9866856339,Sulekha
Sai Fitness Center,Cafe,Chennai,"Powai, Chennai",8668661677,Sulekha
Smart Hospital,Hotel,Chennai,"Bandra, Chennai",8504613043,Google
Elite Dental Clinic,Dental,Bangalore,"Hinjewadi, Bangalore",8618144419,Justdial
Star Restaurant,Hotel,Hyderabad,"MG Road, Hyderabad",6990320939,Justdial
Metro Dental Clinic,Cafe,Nashik,"Bandra, Nashik",6517447905,Justdial
Star Hospital,Cafe,Pune,"CP, Pune",8563076734,Google
Smart Hospital,Salon,Nashik,"Hinjewadi, Nashik",8428006269,Justdial
Urban Hotel,Salon,Mumbai,"MG Road, Mumbai",8604159493,Sulekha
Prime Dental Clinic,Salon,Delhi,"Hinjewadi, Delhi",9982193753,Google
Sai Dental Clinic,Salon,Bangalore,"Baner, Bangalore",6524649187,Justdial
Metro Hotel,Restaurant,Bangalore,"Baner, Bangalore",7339455809,Sulekha
Royal Dental Clinic,Hotel,Hyderabad,"CP, Hyderabad",9940098700,Justdial
Elite Gym,Hospital,Chennai,"Powai, Chennai",6850184749,Google
Star Gym,Hospital,Delhi,"Kharadi, Delhi",6704059323,Justdial
Elite Restaurant,Salon,Bangalore,"Andheri, Bangalore",9070152198,Justdial
Shree Dental Clinic,Salon,Delhi,"CP, Delhi",7920099081,Sulekha
Shree Hospital,Gym,Chennai,"CP, Chennai",6894217839,Justdial
Metro Restaurant,Hotel,Nashik,"Bandra, Nashik",7874931053,Justdial
Star Hospital,Cafe,Bangalore,"Baner, Bangalore",9334085752,Sulekha
Metro Salon,Salon,Hyderabad,"Baner, Hyderabad",6396204820,Justdial
Modern Cafe,Dental,Mumbai,"Baner, Mumbai",9397592791,Justdial
Modern Hospital,Hospital,Pune,"Hinjewadi, Pune",8241720281,Sulekha
Royal Cafe,Salon,Pune,"Bandra, Pune",7968749321,Google
Star Fitness Center,Salon,Mumbai,"Baner, Mumbai",8130884181,Google
Modern Hotel,Hotel,Mumbai,"Kharadi, Mumbai",6202130848,Google
Modern Hospital,Hospital,Hyderabad,"MG Road, Hyderabad",8755170194,Google
Sai Fitness Center,Salon,Hyderabad,"Baner, Hyderabad",9134466937,Sulekha
Smart Hotel,Hotel,Mumbai,"Bandra, Mumbai",8346830516,Sulekha
Star Dental Clinic,Hotel,Bangalore,"MG Road, Bangalore",8075198673,Sulekha
Prime Restaurant,Salon,Mumbai,"CP, Mumbai",9899724185,Google
Shree Cafe,Cafe,Mumbai,"Kharadi, Mumbai",6233143178,Google
Royal Dental Clinic,Dental,Pune,"Baner, Pune",8564360531,Sulekha
Modern Salon,Hotel,Nashik,"Hinjewadi, Nashik",6481929888,Justdial
Smart Fitness Center,Cafe,Hyderabad,"Powai, Hyderabad",9379031300,Google
Smart Fitness Center,Hospital,Delhi,"Andheri, Delhi",7474321563,Google
Elite Hotel,Dental,Mumbai,"MG Road, Mumbai",9841160473,Justdial
Modern Cafe,Gym,Bangalore,"Kharadi, Bangalore",8458390474,Sulekha
Smart Fitness Center,Hospital,Nashik,"Powai, Nashik",6081177687,Justdial
Smart Dental Clinic,Cafe,Pune,"Andheri, Pune",9568194141,Sulekha
Elite Dental Clinic,Hotel,Mumbai,"Kharadi, Mumbai",7891568503,Justdial
Elite Gym,Gym,Hyderabad,"Andheri, Hyderabad",7254240810,Google
Modern Fitness Center,Cafe,Nashik,"MG Road, Nashik",9578475447,Justdial
Smart Dental Clinic,Dental,Chennai,"Powai, Chennai",8457866844,Justdial
Prime Fitness Center,Restaurant,Delhi,"CP, Delhi",7586923912,Sulekha
Urban Hospital,Restaurant,Chennai,"Kharadi, Chennai",6273178175,Sulekha
Modern Hospital,Dental,Nashik,"Baner, Nashik",7628332322,Sulekha
Sai Salon,Cafe,Chennai,"MG Road, Chennai",6861104420,Justdial
Elite Salon,Salon,Mumbai,"Bandra, Mumbai",6050549632,Google
Elite Cafe,Hospital,Delhi,"Kharadi, Delhi",7913400924,Sulekha
Prime Dental Clinic,Hospital,Delhi,"Hinjewadi, Delhi",7938828241,Justdial
Royal Gym,Cafe,Delhi,"CP, Delhi",6388493990,Sulekha
Modern Salon,Cafe,Hyderabad,"Bandra, Hyderabad",8642122938,Justdial
Shree Dental Clinic,Gym,Chennai,"Bandra, Chennai",9056876909,Justdial
Star Hospital,Gym,Hyderabad,"Kharadi, Hyderabad",7107870195,Sulekha
Star Gym,Gym,Nashik,"Hinjewadi, Nashik",9676438774,Sulekha
Shree Hospital,Restaurant,Nashik,"Powai, Nashik",6222766944,Sulekha
Modern Dental Clinic,Cafe,Chennai,"Andheri, Chennai",6392232646,Sulekha
Elite Gym,Cafe,Hyderabad,"Kharadi, Hyderabad",9513417997,Sulekha
Smart Fitness Center,Salon,Nashik,"Bandra, Nashik",6292386825,Sulekha
Shree Hotel,Hotel,Chennai,"CP, Chennai",8608252285,Sulekha
Prime Restaurant,Hospital,Mumbai,"Hinjewadi, Mumbai",7985217312,Sulekha
Metro Fitness Center,Gym,Hyderabad,"Kharadi, Hyderabad",9322383824,Google
Sai Hotel,Hotel,Chennai,"Hinjewadi, Chennai",9420862482,Justdial
Urban Salon,Hospital,Pune,"Powai, Pune",7360091185,Google
Star Hospital,Restaurant,Bangalore,"Andheri, Bangalore",7886350537,Sulekha
Urban Dental Clinic,Gym,Delhi,"CP, Delhi",6509957517,Justdial
Star Cafe,Dental,Mumbai,"MG Road, Mumbai",6800704734,Justdial
Star Restaurant,Dental,Hyderabad,"Baner, Hyderabad",6162058312,Google
Metro Fitness Center,Hotel,Delhi,"Bandra, Delhi",9050169384,Google
Prime Restaurant,Hospital,Nashik,"Bandra, Nashik",7308550838,Google
Star Hospital,Dental,Bangalore,"Bandra, Bangalore",9310450728,Google
Star Hotel,Salon,Chennai,"Kharadi, Chennai",8530894077,Google
Shree Hospital,Gym,Chennai,"Bandra, Chennai",7317661552,Justdial
Elite Cafe,Hospital,Hyderabad,"Hinjewadi, Hyderabad",8830368801,Google
Sai Hotel,Cafe,Bangalore,"Powai, Bangalore",7722052995,Sulekha
Royal Gym,Cafe,Nashik,"Hinjewadi, Nashik",8012269217,Justdial
Elite Fitness Center,Hospital,Mumbai,"Hinjewadi, Mumbai",7342175156,Sulekha
Metro Hotel,Gym,Pune,"Baner, Pune",6734936568,Google
Metro Dental Clinic,Hotel,Mumbai,"Baner, Mumbai",6208889659,Sulekha
Modern Gym,Cafe,Hyderabad,"Kharadi, Hyderabad",8956106245,Justdial
Urban Hospital,Cafe,Nashik,"Baner, Nashik",8081297807,Justdial
Urban Restaurant,Restaurant,Chennai,"Bandra, Chennai",8073377293,Google
Royal Hospital,Hospital,Pune,"Powai, Pune",9496944374,Google
Prime Hotel,Restaurant,Delhi,"Baner, Delhi",7445467938,Justdial
Prime Hospital,Cafe,Chennai,"Bandra, Chennai",9372120183,Sulekha
Urban Dental Clinic,Hospital,Mumbai,"Bandra, Mumbai",8191154238,Sulekha
Urban Dental Clinic,Hotel,Chennai,"Bandra, Chennai",8316694514,Sulekha
Shree Hospital,Gym,Bangalore,"Kharadi, Bangalore",6078772867,Google
Smart Restaurant,Dental,Delhi,"Andheri, Delhi",7347622561,Justdial
Sai Cafe,Dental,Delhi,"MG Road, Delhi",9289646148,Google
Metro Fitness Center,Restaurant,Nashik,"Hinjewadi, Nashik",9018098013,Justdial
Modern Gym,Hospital,Delhi,"Kharadi, Delhi",7669718303,Sulekha
Smart Cafe,Salon,Chennai,"Powai, Chennai",6813001714,Google
Prime Fitness Center,Restaurant,Nashik,"Powai, Nashik",7350100079,Justdial
Star Dental Clinic,Hotel,Pune,"Powai, Pune",8032023979,Google
Elite Restaurant,Gym,Pune,"Andheri, Pune",6790708173,Justdial
Smart Salon,Cafe,Nashik,"Powai, Nashik",6294019535,Justdial
Urban Salon,Hospital,Mumbai,"MG Road, Mumbai",9760082585,Google
Sai Fitness Center,Cafe,Pune,"Andheri, Pune",6142442396,Justdial
Metro Fitness Center,Gym,Chennai,"Bandra, Chennai",7867370344,Justdial
Elite Dental Clinic,Hotel,Hyderabad,"CP, Hyderabad",7622114607,Google
Sai Hotel,Salon,Hyderabad,"Bandra, Hyderabad",6791028847,Justdial
Smart Dental Clinic,Restaurant,Bangalore,"Baner, Bangalore",6935777271,Google
Star Hotel,Dental,Hyderabad,"MG Road, Hyderabad",8706105386,Sulekha
Smart Hotel,Salon,Bangalore,"Hinjewadi, Bangalore",9164969324,Justdial
Urban Hospital,Gym,Delhi,"CP, Delhi",9694650845,Google
Prime Gym,Salon,Pune,"Andheri, Pune",9964842435,Google
Modern Salon,Dental,Bangalore,"MG Road, Bangalore",6177442688,Justdial
Royal Hospital,Gym,Pune,"Baner, Pune",9048303274,Sulekha
Elite Hospital,Hospital,Bangalore,"Powai, Bangalore",7385588655,Sulekha
Modern Salon,Cafe,Mumbai,"Bandra, Mumbai",6305064692,Google
Modern Dental Clinic,Hospital,Nashik,"Kharadi, Nashik",9124483113,Sulekha
Prime Hotel,Gym,Chennai,"Powai, Chennai",8843303973,Justdial
Elite Restaurant,Cafe,Chennai,"CP, Chennai",7321920735,Google
Metro Hotel,Dental,Pune,"MG Road, Pune",7142869916,Sulekha
Royal Hotel,Salon,Bangalore,"Hinjewadi, Bangalore",8978981736,Google
Smart Hospital,Cafe,Hyderabad,"Kharadi, Hyderabad",9437169835,Google
Metro Hospital,Cafe,Delhi,"CP, Delhi",7589778784,Justdial
Star Restaurant,Dental,Chennai,"Hinjewadi, Chennai",6908652665,Sulekha
Urban Fitness Center,Hotel,Chennai,"Hinjewadi, Chennai",9704593889,Google
Star Salon,Restaurant,Delhi,"Kharadi, Delhi",9924059888,Sulekha
Elite Hotel,Salon,Pune,"Powai, Pune",8397077005,Sulekha
Prime Fitness Center,Hospital,Nashik,"Andheri, Nashik",6741419844,Google
Elite Restaurant,Hotel,Hyderabad,"Baner, Hyderabad",9786229369,Sulekha
Metro Fitness Center,Hotel,Mumbai,"Kharadi, Mumbai",7967864253,Justdial
Sai Restaurant,Dental,Chennai,"Andheri, Chennai",9064602375,Justdial
Royal Salon,Gym,Nashik,"MG Road, Nashik",8079317452,Sulekha
Modern Salon,Gym,Pune,"Andheri, Pune",7579986039,Google
Smart Restaurant,Dental,Chennai,"Kharadi, Chennai",9459978426,Justdial
Urban Restaurant,Cafe,Bangalore,"CP, Bangalore",9376302896,Sulekha
Sai Hospital,Hospital,Bangalore,"Bandra, Bangalore",7002427138,Justdial
Star Gym,Salon,Nashik,"Baner, Nashik",6018274811,Google
Urban Dental Clinic,Hotel,Nashik,"Kharadi, Nashik",9078876856,Justdial
Elite Dental Clinic,Gym,Mumbai,"Bandra, Mumbai",9686736089,Justdial
Sai Cafe,Hospital,Pune,"Andheri, Pune",6224128236,Google
Star Hospital,Hospital,Delhi,"Hinjewadi, Delhi",7359731984,Google
Sai Dental Clinic,Cafe,Chennai,"Hinjewadi, Chennai",9573639136,Google
Smart Fitness Center,Salon,Delhi,"CP, Delhi",7889841029,Sulekha
Sai Fitness Center,Restaurant,Nashik,"Andheri, Nashik",8802065876,Google
Prime Restaurant,Salon,Delhi,"CP, Delhi",6832091344,Sulekha
Elite Fitness Center,Dental,Delhi,"Baner, Delhi",7706700278,Google
Shree Hotel,Gym,Pune,"Bandra, Pune",9718373300,Justdial
Smart Cafe,Cafe,Hyderabad,"Baner, Hyderabad",9630013798,Sulekha
Star Dental Clinic,Restaurant,Mumbai,"MG Road, Mumbai",6423952994,Google
Modern Hotel,Salon,Mumbai,"CP, Mumbai",8787697474,Google
Elite Hotel,Gym,Hyderabad,"Bandra, Hyderabad",8979362425,Justdial
Modern Salon,Hospital,Nashik,"CP, Nashik",8219760723,Sulekha
Modern Cafe,Salon,Mumbai,"Andheri, Mumbai",6222346633,Sulekha
Star Dental Clinic,Cafe,Mumbai,"Powai, Mumbai",9533187732,Justdial
Modern Dental Clinic,Dental,Hyderabad,"Baner, Hyderabad",9560616088,Google
Sai Hospital,Hospital,Chennai,"MG Road, Chennai",6391934756,Sulekha
Smart Dental Clinic,Cafe,Hyderabad,"Kharadi, Hyderabad",9079062867,Justdial
Elite Hotel,Restaurant,Bangalore,"Andheri, Bangalore",6806710885,Justdial
Modern Hospital,Hospital,Hyderabad,"Hinjewadi, Hyderabad",6628142135,Sulekha
Urban Cafe,Hotel,Hyderabad,"Powai, Hyderabad",9998628053,Google
Urban Restaurant,Gym,Chennai,"Andheri, Chennai",9706000635,Google
Modern Hotel,Salon,Mumbai,"Hinjewadi, Mumbai",7348506290,Sulekha
Prime Dental Clinic,Cafe,Bangalore,"Baner, Bangalore",8166406653,Justdial
Prime Gym,Dental,Chennai,"Andheri, Chennai",7981359852,Sulekha
Elite Hospital,Restaurant,Delhi,"Powai, Delhi",6391729749,Sulekha
Sai Hotel,Restaurant,Nashik,"Powai, Nashik",8838929013,Sulekha
Star Hospital,Dental,Bangalore,"CP, Bangalore",8379405369,Google
Smart Restaurant,Cafe,Nashik,"MG Road, Nashik",6709501225,Justdial
Urban Hotel,Dental,Hyderabad,"Hinjewadi, Hyderabad",6960731723,Google
Shree Hotel,Gym,Nashik,"Andheri, Nashik",6112563918,Justdial
Modern Cafe,Cafe,Hyderabad,"Baner, Hyderabad",8751455819,Google
Elite Cafe,Gym,Chennai,"MG Road, Chennai",7039873402,Google
Royal Salon,Dental,Delhi,"CP, Delhi",9227174450,Google
Modern Fitness Center,Gym,Mumbai,"MG Road, Mumbai",8357533835,Sulekha
Urban Salon,Hotel,Delhi,"Kharadi, Delhi",9177557515,Google
Metro Fitness Center,Cafe,Mumbai,"Powai, Mumbai",8690745419,Justdial
Smart Restaurant,Hotel,Delhi,"CP, Delhi",7444688239,Sulekha
Metro Hotel,Hotel,Pune,"Baner, Pune",8908301473,Google
Metro Hospital,Hospital,Hyderabad,"Hinjewadi, Hyderabad",9101034807,Justdial
Shree Hospital,Cafe,Mumbai,"MG Road, Mumbai",6753151610,Google
Prime Fitness Center,Salon,Pune,"Hinjewadi, Pune",6909395985,Google
Modern Salon,Hotel,Chennai,"CP, Chennai",9499343000,Justdial
Urban Cafe,Gym,Bangalore,"MG Road, Bangalore",6338713196,Sulekha
Urban Salon,Cafe,Delhi,"Bandra, Delhi",6099138766,Google
Elite Hospital,Dental,Mumbai,"Kharadi, Mumbai",8376535514,Sulekha
Shree Fitness Center,Cafe,Bangalore,"CP, Bangalore",8875144573,Google
Urban Hospital,Gym,Delhi,"CP, Delhi",8852594783,Google
Urban Restaurant,Hotel,Chennai,"Baner, Chennai",7037702648,Sulekha
Prime Hotel,Salon,Hyderabad,"Hinjewadi, Hyderabad",8803768798,Google
Prime Cafe,Gym,Mumbai,"CP, Mumbai",9435203495,Justdial
Shree Cafe,Restaurant,Hyderabad,"MG Road, Hyderabad",6444665214,Sulekha
Star Cafe,Dental,Nashik,"CP, Nashik",7734544288,Justdial
Elite Hospital,Cafe,Pune,"Kharadi, Pune",7987467957,Sulekha
Metro Hotel,Gym,Mumbai,"Kharadi, Mumbai",9821918110,Justdial
Modern Salon,Cafe,Mumbai,"Andheri, Mumbai",6284378235,Sulekha
Metro Gym,Gym,Nashik,"Kharadi, Nashik",8600672928,Google
Smart Salon,Cafe,Nashik,"CP, Nashik",8845873325,Justdial
Prime Hospital,Hospital,Hyderabad,"Andheri, Hyderabad",8924938769,Sulekha
Metro Hotel,Gym,Chennai,"Baner, Chennai",7362656314,Google
Shree Gym,Cafe,Bangalore,"Hinjewadi, Bangalore",9704012456,Justdial
Royal Salon,Cafe,Chennai,"Baner, Chennai",9890605272,Google
Star Hotel,Salon,Delhi,"MG Road, Delhi",7912331899,Sulekha
Shree Restaurant,Restaurant,Mumbai,"Kharadi, Mumbai",7616131337,Sulekha
Royal Hospital,Hospital,Bangalore,"CP, Bangalore",9162528436,Justdial
Urban Cafe,Gym,Hyderabad,"CP, Hyderabad",8403804699,Sulekha
Prime Fitness Center,Restaurant,Hyderabad,"Hinjewadi, Hyderabad",8843284042,Justdial
Smart Dental Clinic,Restaurant,Hyderabad,"Bandra, Hyderabad",8646287993,Google
Urban Cafe,Gym,Chennai,"Baner, Chennai",8590888727,Justdial
Prime Hospital,Gym,Mumbai,"Hinjewadi, Mumbai",9925499015,Sulekha
Shree Dental Clinic,Gym,Mumbai,"MG Road, Mumbai",6170536836,Google
Metro Cafe,Gym,Pune,"Andheri, Pune",8195581012,Google
Sai Gym,Salon,Hyderabad,"Kharadi, Hyderabad",8080120886,Sulekha
Prime Gym,Dental,Delhi,"MG Road, Delhi",7323020654,Justdial
Royal Gym,Hospital,Delhi,"Andheri, Delhi",7411420485,Google
Metro Hotel,Dental,Hyderabad,"Powai, Hyderabad",8389106947,Google
Modern Cafe,Cafe,Hyderabad,"Powai, Hyderabad",7237694723,Justdial
Elite Hospital,Hospital,Delhi,"Kharadi, Delhi",8007544237,Justdial
Smart Hospital,Gym,Nashik,"Bandra, Nashik",7219227326,Sulekha
Urban Restaurant,Restaurant,Mumbai,"MG Road, Mumbai",8213872562,Sulekha
Urban Gym,Salon,Pune,"Andheri, Pune",8476474610,Justdial
Royal Restaurant,Dental,Bangalore,"Hinjewadi, Bangalore",8566756377,Justdial
Smart Dental Clinic,Hospital,Chennai,"MG Road, Chennai",9589343625,Google
Modern Gym,Salon,Mumbai,"MG Road, Mumbai",8110985166,Justdial
Urban Hospital,Hotel,Nashik,"Baner, Nashik",8476098713,Justdial
Prime Dental Clinic,Cafe,Nashik,"CP, Nashik",9612482891,Sulekha
Urban Gym,Salon,Bangalore,"Powai, Bangalore",8762579682,Sulekha
Shree Gym,Dental,Chennai,"Baner, Chennai",8090599588,Sulekha
Smart Dental Clinic,Dental,Nashik,"CP, Nashik",9074835417,Sulekha
Shree Gym,Gym,Pune,"MG Road, Pune",9231200904,Justdial
Prime Gym,Dental,Nashik,"Kharadi, Nashik",9474643927,Google
Royal Restaurant,Hospital,Delhi,"Hinjewadi, Delhi",7659418459,Justdial
Metro Dental Clinic,Restaurant,Mumbai,"Kharadi, Mumbai",6394264019,Sulekha
Elite Salon,Dental,Bangalore,"Bandra, Bangalore",9402084460,Sulekha
Sai Dental Clinic,Dental,Bangalore,"Hinjewadi, Bangalore",8559043994,Google
Prime Hospital,Restaurant,Chennai,"MG Road, Chennai",9090078370,Sulekha
Shree Dental Clinic,Hotel,Chennai,"CP, Chennai",9132169097,Sulekha
Sai Dental Clinic,Salon,Bangalore,"Kharadi, Bangalore",8565877550,Sulekha
Metro Gym,Gym,Pune,"MG Road, Pune",8331954498,Sulekha
Prime Gym,Hotel,Chennai,"Baner, Chennai",6084868917,Sulekha
Shree Restaurant,Gym,Mumbai,"Powai, Mumbai",9175892369,Google
Metro Restaurant,Dental,Bangalore,"CP, Bangalore",6521610040,Google
Royal Gym,Gym,Nashik,"Hinjewadi, Nashik",6368726038,Justdial
Elite Salon,Gym,Chennai,"CP, Chennai",8783686378,Justdial
Shree Cafe,Dental,Mumbai,"Powai, Mumbai",9511979665,Google
Metro Salon,Cafe,Pune,"CP, Pune",8727713904,Sulekha
Metro Dental Clinic,Hospital,Nashik,"Andheri, Nashik",7734784853,Justdial
Smart Fitness Center,Dental,Chennai,"Kharadi, Chennai",8220455669,Justdial
Elite Gym,Restaurant,Chennai,"MG Road, Chennai",9587243521,Justdial
Smart Salon,Salon,Mumbai,"Andheri, Mumbai",9580463352,Google
Elite Cafe,Hotel,Bangalore,"Hinjewadi, Bangalore",9071417698,Google
Sai Cafe,Hotel,Delhi,"Baner, Delhi",9242807109,Justdial
Modern Salon,Gym,Nashik,"CP, Nashik",6586914802,Google
Smart Hotel,Dental,Pune,"Powai, Pune",7524299897,Sulekha
Prime Hospital,Gym,Hyderabad,"Hinjewadi, Hyderabad",6666124786,Sulekha
Elite Hospital,Restaurant,Chennai,"MG Road, Chennai",9671362082,Justdial
Royal Fitness Center,Restaurant,Delhi,"Hinjewadi, Delhi",6925599278,Justdial
Sai Salon,Hotel,Hyderabad,"CP, Hyderabad",8449041540,Google
Sai Salon,Dental,Hyderabad,"Bandra, Hyderabad",6504940974,Justdial
Star Salon,Hospital,Hyderabad,"CP, Hyderabad",7718895063,Google
Prime Cafe,Hotel,Pune,"MG Road, Pune",8016505499,Sulekha
Urban Hospital,Salon,Pune,"Kharadi, Pune",9702454242,Google
Shree Restaurant,Dental,Mumbai,"Baner, Mumbai",6814533862,Sulekha
Smart Salon,Restaurant,Pune,"Hinjewadi, Pune",7023958648,Google
Urban Salon,Restaurant,Delhi,"Baner, Delhi",7245214984,Google
Sai Gym,Cafe,Nashik,"Bandra, Nashik",6707807656,Justdial
Smart Gym,Gym,Chennai,"Kharadi, Chennai",6548402011,Sulekha
Metro Restaurant,Salon,Delhi,"Hinjewadi, Delhi",8256439358,Google
Sai Salon,Cafe,Bangalore,"Kharadi, Bangalore",6928205109,Sulekha
Shree Hotel,Restaurant,Nashik,"CP, Nashik",8138300322,Sulekha
Elite Dental Clinic,Gym,Mumbai,"Hinjewadi, Mumbai",7082096565,Sulekha
Star Gym,Dental,Pune,"MG Road, Pune",9848498771,Google
Sai Cafe,Gym,Pune,"Bandra, Pune",8869980297,Google
Metro Hospital,Dental,Chennai,"Kharadi, Chennai",9204571194,Justdial
Urban Gym,Hotel,Nashik,"Baner, Nashik",7598556147,Google
Smart Salon,Hotel,Pune,"Powai, Pune",6865528464,Sulekha
Metro Fitness Center,Cafe,Bangalore,"Baner, Bangalore",7730537850,Justdial
Shree Restaurant,Restaurant,Mumbai,"CP, Mumbai",9167821981,Justdial
Metro Fitness Center,Cafe,Delhi,"CP, Delhi",7128248461,Google
Modern Hotel,Dental,Bangalore,"CP, Bangalore",6981944734,Sulekha
Royal Fitness Center,Dental,Pune,"Kharadi, Pune",7861147944,Justdial
Metro Cafe,Hospital,Delhi,"Kharadi, Delhi",6830790082,Justdial
Smart Fitness Center,Cafe,Mumbai,"Kharadi, Mumbai",8991211035,Sulekha
Modern Fitness Center,Restaurant,Chennai,"Powai, Chennai",9193983829,Google
Star Restaurant,Restaurant,Nashik,"Bandra, Nashik",6122798572,Justdial
Sai Gym,Hotel,Hyderabad,"Baner, Hyderabad",8857424509,Google
Shree Hospital,Restaurant,Hyderabad,"Kharadi, Hyderabad",7834755545,Sulekha
Elite Dental Clinic,Salon,Chennai,"Kharadi, Chennai",7134863428,Google
Metro Fitness Center,Restaurant,Chennai,"Powai, Chennai",7327108423,Sulekha
Star Hospital,Cafe,Hyderabad,"Bandra, Hyderabad",8830087118,Google
Metro Dental Clinic,Hotel,Bangalore,"MG Road, Bangalore",7726408223,Justdial
Metro Hospital,Restaurant,Mumbai,"Bandra, Mumbai",9461578132,Sulekha
Star Hotel,Gym,Hyderabad,"Baner, Hyderabad",6403306229,Justdial
Prime Hospital,Gym,Bangalore,"CP, Bangalore",6038959372,Justdial
Shree Restaurant,Gym,Mumbai,"Kharadi, Mumbai",9764907853,Google
Elite Hospital,Dental,Pune,"Powai, Pune",8363851051,Justdial
Modern Salon,Salon,Bangalore,"Hinjewadi, Bangalore",7101028090,Sulekha
Royal Hospital,Restaurant,Chennai,"MG Road, Chennai",7533586225,Google
Prime Hospital,Cafe,Chennai,"Baner, Chennai",7463940030,Sulekha
Sai Fitness Center,Cafe,Delhi,"Baner, Delhi",8798550297,Justdial
Shree Fitness Center,Dental,Chennai,"Powai, Chennai",6399900518,Justdial
Shree Fitness Center,Hotel,Pune,"Baner, Pune",9745812936,Google
Sai Hotel,Hotel,Delhi,"CP, Delhi",7399329250,Google
Modern Cafe,Hotel,Delhi,"CP, Delhi",6216341248,Justdial
Sai Hospital,Cafe,Nashik,"Baner, Nashik",8049944940,Google
Metro Cafe,Gym,Mumbai,"Hinjewadi, Mumbai",8472879092,Google
Elite Cafe,Gym,Chennai,"CP, Chennai",7416618757,Google
Star Fitness Center,Salon,Pune,"Baner, Pune",7861829595,Justdial
Sai Hotel,Cafe,Delhi,"Kharadi, Delhi",6812618690,Google
Royal Restaurant,Cafe,Delhi,"CP, Delhi",7355829929,Google
Urban Cafe,Hotel,Mumbai,"Kharadi, Mumbai",6440787278,Justdial
Star Gym,Cafe,Nashik,"Bandra, Nashik",6761740646,Justdial
Urban Hotel,Gym,Mumbai,"Bandra, Mumbai",6852064388,Justdial
Royal Hospital,Cafe,Pune,"Andheri, Pune",9623825677,Justdial
Sai Dental Clinic,Salon,Delhi,"CP, Delhi",7521492004,Sulekha
Star Dental Clinic,Hotel,Pune,"Powai, Pune",7957844018,Sulekha
Shree Hotel,Gym,Chennai,"Powai, Chennai",6007100109,Sulekha
Prime Dental Clinic,Gym,Bangalore,"Powai, Bangalore",8851034590,Sulekha
Prime Gym,Hospital,Hyderabad,"Powai, Hyderabad",6668417749,Google
Royal Restaurant,Restaurant,Mumbai,"MG Road, Mumbai",9331354042,Justdial
Smart Restaurant,Restaurant,Delhi,"Andheri, Delhi",9993529760,Justdial
Sai Dental Clinic,Restaurant,Delhi,"Bandra, Delhi",7149582868,Sulekha
Shree Salon,Restaurant,Bangalore,"Bandra, Bangalore",6940413069,Sulekha
Shree Restaurant,Gym,Bangalore,"Hinjewadi, Bangalore",8103797792,Justdial
Star Hotel,Gym,Pune,"CP, Pune",6908602763,Sulekha
Elite Hotel,Hotel,Chennai,"Powai, Chennai",8236682001,Justdial
Prime Salon,Salon,Delhi,"Baner, Delhi",8000337283,Google
Smart Fitness Center,Gym,Nashik,"CP, Nashik",9047522567,Justdial
Elite Cafe,Cafe,Bangalore,"Baner, Bangalore",9712772133,Justdial
Sai Gym,Gym,Nashik,"Kharadi, Nashik",9127039140,Justdial
Sai Dental Clinic,Salon,Pune,"Bandra, Pune",8556810411,Justdial
Royal Gym,Hospital,Chennai,"Hinjewadi, Chennai",8147554042,Google
Elite Restaurant,Restaurant,Mumbai,"Andheri, Mumbai",7553563291,Sulekha
Metro Restaurant,Hotel,Hyderabad,"CP, Hyderabad",6184620935,Justdial
Urban Cafe,Dental,Hyderabad,"Andheri, Hyderabad",6716183336,Justdial
Shree Salon,Restaurant,Delhi,"Kharadi, Delhi",9871457493,Google
Modern Fitness Center,Hotel,Pune,"Hinjewadi, Pune",9336125313,Google
Royal Salon,Dental,Nashik,"Baner, Nashik",9192150505,Justdial
Sai Fitness Center,Restaurant,Pune,"Powai, Pune",8629962668,Google
Shree Salon,Hotel,Hyderabad,"CP, Hyderabad",6772436850,Justdial
Metro Fitness Center,Restaurant,Bangalore,"Andheri, Bangalore",9442628730,Sulekha
Shree Restaurant,Hospital,Bangalore,"Bandra, Bangalore",7595505503,Justdial
Modern Hospital,Restaurant,Bangalore,"Kharadi, Bangalore",8533386991,Sulekha
Urban Gym,Dental,Delhi,"Bandra, Delhi",9161164156,Google
Prime Hotel,Hospital,Hyderabad,"MG Road, Hyderabad",7646229789,Sulekha
Elite Gym,Gym,Chennai,"MG Road, Chennai",9645544036,Google
Royal Fitness Center,Salon,Mumbai,"CP, Mumbai",9714444656,Sulekha
Smart Hotel,Hospital,Mumbai,"MG Road, Mumbai",6817913867,Sulekha
Sai Hospital,Hospital,Chennai,"MG Road, Chennai",7890927561,Google
Metro Salon,Restaurant,Mumbai,"CP, Mumbai",6509403246,Justdial
Shree Restaurant,Dental,Chennai,"MG Road, Chennai",6422385522,Google
Urban Cafe,Hospital,Bangalore,"CP, Bangalore",7029774736,Google
Royal Restaurant,Dental,Mumbai,"MG Road, Mumbai",7870148808,Google
Modern Gym,Restaurant,Pune,"Kharadi, Pune",9720389441,Justdial
Royal Fitness Center,Cafe,Chennai,"Kharadi, Chennai",8001062630,Google
Royal Hospital,Restaurant,Nashik,"Andheri, Nashik",8871952928,Sulekha
Star Gym,Restaurant,Hyderabad,"Bandra, Hyderabad",9287542912,Justdial
Prime Hotel,Hotel,Mumbai,"Baner, Mumbai",6316362241,Sulekha
Prime Fitness Center,Restaurant,Pune,"CP, Pune",8500821357,Google
Urban Fitness Center,Cafe,Delhi,"MG Road, Delhi",8472970276,Sulekha
Royal Gym,Salon,Pune,"Powai, Pune",8901641085,Justdial
Urban Restaurant,Cafe,Pune,"Hinjewadi, Pune",9587569384,Google
Shree Restaurant,Cafe,Delhi,"Baner, Delhi",6463073778,Google
Urban Hotel,Restaurant,Pune,"MG Road, Pune",7027127133,Google
Royal Salon,Hospital,Hyderabad,"Powai, Hyderabad",6084375322,Sulekha
Modern Hotel,Salon,Mumbai,"Bandra, Mumbai",6028364976,Sulekha
Smart Gym,Gym,Nashik,"Hinjewadi, Nashik",7975939684,Justdial
Elite Salon,Dental,Chennai,"Kharadi, Chennai",7924100442,Sulekha
Prime Hospital,Cafe,Hyderabad,"Hinjewadi, Hyderabad",7292085084,Google
Shree Salon,Restaurant,Pune,"Baner, Pune",8883778041,Justdial
Urban Gym,Dental,Mumbai,"Baner, Mumbai",7413823948,Sulekha
Sai Gym,Dental,Bangalore,"Powai, Bangalore",6054389705,Google
Sai Hospital,Hotel,Delhi,"Bandra, Delhi",9007349392,Google
Shree Cafe,Cafe,Nashik,"MG Road, Nashik",8610718157,Google
Metro Cafe,Restaurant,Chennai,"Andheri, Chennai",6002085668,Sulekha
Star Dental Clinic,Cafe,Mumbai,"CP, Mumbai",6877856467,Google
Modern Cafe,Hotel,Hyderabad,"Hinjewadi, Hyderabad",6308718813,Google
Modern Hospital,Hospital,Pune,"Kharadi, Pune",6804440202,Justdial
Metro Hospital,Cafe,Bangalore,"Andheri, Bangalore",8501505086,Google
Star Gym,Cafe,Pune,"MG Road, Pune",7104922518,Sulekha
Shree Cafe,Gym,Nashik,"Bandra, Nashik",9071146708,Sulekha
Metro Cafe,Restaurant,Hyderabad,"Bandra, Hyderabad",9571100353,Justdial
Urban Salon,Dental,Chennai,"Bandra, Chennai",6742818894,Justdial
Royal Salon,Restaurant,Mumbai,"CP, Mumbai",8435398446,Google
Urban Fitness Center,Hospital,Bangalore,"MG Road, Bangalore",7912521872,Sulekha
Urban Salon,Hospital,Mumbai,"MG Road, Mumbai",7116300241,Sulekha
Sai Fitness Center,Salon,Mumbai,"Baner, Mumbai",9489199116,Sulekha
Royal Hospital,Restaurant,Bangalore,"Powai, Bangalore",8896989174,Sulekha
Prime Cafe,Cafe,Mumbai,"Kharadi, Mumbai",9483293779,Sulekha
Prime Hospital,Hotel,Delhi,"Powai, Delhi",6791568919,Google
Royal Hospital,Salon,Delhi,"Powai, Delhi",9270828414,Google
Elite Hotel,Dental,Mumbai,"Bandra, Mumbai",8100803123,Sulekha
Smart Fitness Center,Hotel,Bangalore,"Andheri, Bangalore",9478993342,Justdial
Sai Cafe,Restaurant,Hyderabad,"Bandra, Hyderabad",8847062185,Sulekha
Modern Salon,Hotel,Hyderabad,"Baner, Hyderabad",6306559210,Google
Royal Restaurant,Hospital,Nashik,"Hinjewadi, Nashik",9308438559,Sulekha
Modern Fitness Center,Restaurant,Mumbai,"Bandra, Mumbai",8143393377,Sulekha
Shree Hotel,Restaurant,Nashik,"Hinjewadi, Nashik",6471684872,Google
Smart Hospital,Gym,Mumbai,"Bandra, Mumbai",9830225628,Sulekha
Smart Fitness Center,Salon,Hyderabad,"MG Road, Hyderabad",6585003363,Google
Elite Restaurant,Hotel,Mumbai,"CP, Mumbai",9096029692,Justdial
Prime Salon,Cafe,Mumbai,"Baner, Mumbai",7590238589,Sulekha
Metro Fitness Center,Gym,Pune,"CP, Pune",6038815327,Justdial
Royal Hospital,Hotel,Chennai,"Hinjewadi, Chennai",8394827532,Justdial
Shree Hotel,Salon,Pune,"Bandra, Pune",8331489171,Google
Metro Gym,Restaurant,Mumbai,"CP, Mumbai",8565498254,Google
Elite Cafe,Hotel,Mumbai,"MG Road, Mumbai",9763620710,Google
Star Fitness Center,Cafe,Pune,"Kharadi, Pune",9876648001,Sulekha
Royal Dental Clinic,Dental,Pune,"Hinjewadi, Pune",9787603349,Google
Modern Fitness Center,Dental,Bangalore,"Baner, Bangalore",7800155345,Justdial
Sai Dental Clinic,Salon,Delhi,"MG Road, Delhi",9279505780,Google
Modern Restaurant,Restaurant,Chennai,"Bandra, Chennai",6375214675,Google
Smart Gym,Cafe,Hyderabad,"Kharadi, Hyderabad",9605787469,Justdial
Urban Hotel,Cafe,Chennai,"Hinjewadi, Chennai",6044177094,Google
Metro Hospital,Gym,Bangalore,"Andheri, Bangalore",6891424090,Google
Modern Hospital,Restaurant,Mumbai,"Powai, Mumbai",8826446732,Justdial
Modern Fitness Center,Restaurant,Mumbai,"Baner, Mumbai",7928564436,Sulekha
Modern Fitness Center,Restaurant,Delhi,"Hinjewadi, Delhi",8134426243,Sulekha
Star Gym,Hospital,Delhi,"Andheri, Delhi",6300163070,Google
Sai Salon,Gym,Chennai,"MG Road, Chennai",8726000175,Sulekha
Smart Cafe,Cafe,Pune,"CP, Pune",6620782405,Google
Star Hospital,Restaurant,Bangalore,"Hinjewadi, Bangalore",6230393581,Justdial
Elite Cafe,Gym,Chennai,"Bandra, Chennai",6813600303,Google
Shree Fitness Center,Hotel,Delhi,"Kharadi, Delhi",8942502970,Google
Urban Hotel,Restaurant,Delhi,"Powai, Delhi",8287913045,Sulekha
Star Gym,Salon,Hyderabad,"Andheri, Hyderabad",6076694022,Google
Sai Hotel,Hospital,Pune,"MG Road, Pune",6201348947,Justdial
Elite Restaurant,Hospital,Bangalore,"Hinjewadi, Bangalore",9683158441,Justdial
Metro Cafe,Hotel,Bangalore,"Hinjewadi, Bangalore",8099119611,Google
Sai Salon,Restaurant,Chennai,"Andheri, Chennai",7846784809,Justdial
Modern Hotel,Cafe,Pune,"Hinjewadi, Pune",9816011609,Justdial
Metro Gym,Hospital,Pune,"Bandra, Pune",8841559185,Sulekha
Prime Restaurant,Cafe,Bangalore,"Baner, Bangalore",7387912799,Sulekha
Elite Dental Clinic,Salon,Chennai,"Andheri, Chennai",7102212722,Google
Prime Salon,Gym,Chennai,"Hinjewadi, Chennai",7601111289,Justdial
Modern Hotel,Gym,Chennai,"CP, Chennai",8410657820,Google
Metro Restaurant,Cafe,Chennai,"Bandra, Chennai",6895536917,Google
Prime Dental Clinic,Salon,Hyderabad,"Kharadi, Hyderabad",9493607204,Google
Shree Hospital,Salon,Mumbai,"Powai, Mumbai",6614619747,Sulekha
Prime Dental Clinic,Dental,Mumbai,"CP, Mumbai",6127309295,Sulekha
Prime Gym,Restaurant,Pune,"CP, Pune",8574703399,Sulekha
Elite Fitness Center,Dental,Hyderabad,"Baner, Hyderabad",6293218639,Google
Royal Fitness Center,Dental,Nashik,"Kharadi, Nashik",8686779370,Sulekha
Metro Fitness Center,Hotel,Chennai,"Hinjewadi, Chennai",6421744162,Google
Metro Cafe,Gym,Delhi,"Hinjewadi, Delhi",9782617307,Justdial
Prime Restaurant,Restaurant,Mumbai,"MG Road, Mumbai",8790037445,Justdial
Smart Restaurant,Hotel,Pune,"Hinjewadi, Pune",6354524784,Justdial
Modern Restaurant,Hotel,Pune,"Andheri, Pune",7834443929,Sulekha
Metro Dental Clinic,Hospital,Delhi,"Powai, Delhi",8143013393,Google
Metro Hotel,Cafe,Nashik,"Baner, Nashik",7152479514,Google
Prime Fitness Center,Salon,Hyderabad,"Baner, Hyderabad",7801194997,Justdial
Prime Dental Clinic,Cafe,Nashik,"Bandra, Nashik",7639439459,Google
Urban Gym,Restaurant,Hyderabad,"Bandra, Hyderabad",8255700091,Justdial
Royal Fitness Center,Dental,Nashik,"MG Road, Nashik",8530353889,Justdial
Elite Cafe,Restaurant,Hyderabad,"Kharadi, Hyderabad",7970914018,Google
Shree Hospital,Cafe,Nashik,"MG Road, Nashik",7058029799,Sulekha
Modern Hospital,Cafe,Bangalore,"Andheri, Bangalore",9589653373,Sulekha
Urban Hotel,Dental,Hyderabad,"CP, Hyderabad",6791409361,Google
Sai Restaurant,Hospital,Bangalore,"CP, Bangalore",7969768608,Justdial
Prime Hotel,Dental,Hyderabad,"Andheri, Hyderabad",6420491379,Justdial
Metro Salon,Hotel,Bangalore,"MG Road, Bangalore",9022385928,Justdial
Royal Hospital,Hospital,Pune,"MG Road, Pune",8852697883,Justdial
Smart Gym,Restaurant,Bangalore,"Powai, Bangalore",7179995899,Sulekha
Metro Salon,Dental,Hyderabad,"Bandra, Hyderabad",7948655178,Sulekha
Shree Fitness Center,Hotel,Chennai,"Baner, Chennai",8714319225,Sulekha
Elite Fitness Center,Hotel,Nashik,"Baner, Nashik",8157183292,Google
Modern Cafe,Restaurant,Nashik,"MG Road, Nashik",9262282187,Justdial
Sai Hotel,Salon,Mumbai,"Hinjewadi, Mumbai",7953928918,Sulekha
Sai Hotel,Hotel,Chennai,"Bandra, Chennai",8039563187,Sulekha
Prime Cafe,Hotel,Delhi,"Powai, Delhi",6993406589,Sulekha
Elite Restaurant,Dental,Chennai,"Bandra, Chennai",8349942614,Sulekha
Shree Salon,Gym,Delhi,"Bandra, Delhi",7236826767,Sulekha
Smart Hotel,Hospital,Delhi,"CP, Delhi",7489777993,Sulekha
Elite Gym,Salon,Hyderabad,"MG Road, Hyderabad",9134101282,Sulekha
Star Salon,Dental,Chennai,"Andheri, Chennai",6393575340,Justdial
Modern Cafe,Dental,Chennai,"Andheri, Chennai",7546828852,Sulekha
Royal Restaurant,Hospital,Pune,"Kharadi, Pune",7849792072,Google
Elite Restaurant,Restaurant,Hyderabad,"Powai, Hyderabad",9892495118,Justdial
Prime Dental Clinic,Dental,Bangalore,"Hinjewadi, Bangalore",7860105447,Sulekha
Royal Fitness Center,Hotel,Bangalore,"CP, Bangalore",6567410624,Justdial
Smart Dental Clinic,Cafe,Pune,"Bandra, Pune",7866996656,Justdial
Star Cafe,Salon,Chennai,"CP, Chennai",6766337618,Sulekha
Sai Dental Clinic,Gym,Mumbai,"Andheri, Mumbai",6430065846,Google
Smart Fitness Center,Gym,Delhi,"CP, Delhi",8507947782,Sulekha
Prime Gym,Hotel,Delhi,"MG Road, Delhi",7419180766,Sulekha
Shree Restaurant,Hotel,Delhi,"Powai, Delhi",9712949948,Google
Metro Gym,Restaurant,Chennai,"Hinjewadi, Chennai",6134651236,Justdial
Metro Gym,Gym,Mumbai,"Powai, Mumbai",6649015729,Justdial
Modern Fitness Center,Salon,Chennai,"Kharadi, Chennai",9086147405,Justdial
Royal Hospital,Cafe,Hyderabad,"Hinjewadi, Hyderabad",8475927868,Google
Shree Cafe,Salon,Delhi,"Baner, Delhi",8414083894,Google
Star Gym,Dental,Mumbai,"CP, Mumbai",7967952225,Sulekha
Metro Hospital,Hotel,Chennai,"Andheri, Chennai",8752197738,Google
Star Cafe,Hotel,Bangalore,"Andheri, Bangalore",7063252903,Justdial
Prime Cafe,Dental,Delhi,"MG Road, Delhi",8589695664,Justdial
Modern Gym,Cafe,Delhi,"Andheri, Delhi",6581721789,Google
Elite Fitness Center,Hospital,Nashik,"CP, Nashik",6704053099,Google
Modern Cafe,Dental,Mumbai,"Andheri, Mumbai",6343459962,Justdial
Royal Salon,Salon,Hyderabad,"MG Road, Hyderabad",9093587301,Justdial
Prime Cafe,Restaurant,Delhi,"Baner, Delhi",8796491716,Justdial
Modern Hospital,Cafe,Pune,"Kharadi, Pune",8866580376,Google
Smart Hospital,Hotel,Nashik,"Bandra, Nashik",9970842337,Justdial
Star Hotel,Gym,Pune,"CP, Pune",7175415033,Sulekha
Metro Restaurant,Gym,Mumbai,"Bandra, Mumbai",9121590854,Sulekha
Elite Fitness Center,Salon,Bangalore,"MG Road, Bangalore",7215272509,Google
Metro Dental Clinic,Gym,Chennai,"Kharadi, Chennai",7684669351,Justdial
Royal Hotel,Hospital,Bangalore,"MG Road, Bangalore",6861777758,Justdial
Urban Gym,Dental,Pune,"Kharadi, Pune",6859467142,Google
Modern Restaurant,Salon,Mumbai,"Powai, Mumbai",8565237865,Justdial
Star Restaurant,Cafe,Delhi,"Kharadi, Delhi",9240754638,Google
Star Dental Clinic,Hotel,Mumbai,"Powai, Mumbai",6010679557,Sulekha
Star Hospital,Restaurant,Chennai,"Kharadi, Chennai",6974820230,Justdial
Modern Hospital,Dental,Bangalore,"Powai, Bangalore",9089029444,Google
Urban Restaurant,Dental,Hyderabad,"MG Road, Hyderabad",8622494508,Sulekha
Elite Salon,Salon,Pune,"CP, Pune",9631241258,Justdial
Sai Restaurant,Cafe,Nashik,"Baner, Nashik",9901316888,Justdial
Shree Dental Clinic,Gym,Nashik,"MG Road, Nashik",7132567786,Sulekha
Elite Restaurant,Dental,Hyderabad,"CP, Hyderabad",6753747015,Google
Star Fitness Center,Salon,Chennai,"Kharadi, Chennai",9280755128,Sulekha
Prime Fitness Center,Dental,Chennai,"CP, Chennai",7652037185,Google
Shree Gym,Restaurant,Pune,"Hinjewadi, Pune",7196212155,Justdial
Urban Restaurant,Salon,Chennai,"CP, Chennai",6144598924,Sulekha
Sai Hospital,Dental,Bangalore,"Baner, Bangalore",9145416036,Google
Prime Restaurant,Gym,Hyderabad,"Bandra, Hyderabad",6086277420,Justdial
Sai Hotel,Dental,Bangalore,"Powai, Bangalore",7672967202,Sulekha
Star Fitness Center,Restaurant,Nashik,"Kharadi, Nashik",8580220649,Justdial
Elite Gym,Dental,Nashik,"Hinjewadi, Nashik",7800657103,Justdial
Modern Restaurant,Hospital,Mumbai,"Hinjewadi, Mumbai",7983884114,Sulekha
Sai Fitness Center,Hospital,Bangalore,"MG Road, Bangalore",6224840569,Sulekha
Shree Salon,Salon,Chennai,"Bandra, Chennai",6842169598,Justdial
Royal Dental Clinic,Hotel,Hyderabad,"Kharadi, Hyderabad",8309185506,Justdial
Shree Hospital,Dental,Chennai,"Bandra, Chennai",8596233794,Justdial
Metro Fitness Center,Hotel,Hyderabad,"Hinjewadi, Hyderabad",6753131684,Google
Shree Cafe,Hospital,Chennai,"CP, Chennai",9497525945,Justdial
Royal Hospital,Hospital,Mumbai,"Kharadi, Mumbai",9980739271,Google
Sai Hospital,Dental,Mumbai,"Baner, Mumbai",9050076310,Sulekha
Prime Restaurant,Gym,Bangalore,"Andheri, Bangalore",9236155346,Justdial
Urban Salon,Gym,Hyderabad,"MG Road, Hyderabad",6603309917,Justdial
Smart Fitness Center,Cafe,Mumbai,"Kharadi, Mumbai",8896594669,Google
Elite Salon,Dental,Delhi,"Hinjewadi, Delhi",8022735988,Google
Modern Gym,Hospital,Pune,"Hinjewadi, Pune",6155609627,Justdial
Urban Fitness Center,Hotel,Bangalore,"Baner, Bangalore",9072941003,Google
Prime Salon,Hospital,Pune,"Powai, Pune",8285693584,Justdial
Urban Dental Clinic,Cafe,Bangalore,"Baner, Bangalore",7524587535,Sulekha
Smart Hospital,Restaurant,Pune,"Kharadi, Pune",6585989863,Justdial
Elite Hotel,Restaurant,Mumbai,"MG Road, Mumbai",8032879364,Google
Elite Restaurant,Hotel,Bangalore,"Kharadi, Bangalore",9664830803,Justdial
Sai Fitness Center,Cafe,Delhi,"Bandra, Delhi",7812657471,Justdial
Modern Gym,Restaurant,Delhi,"Hinjewadi, Delhi",9974164554,Justdial
Star Gym,Dental,Pune,"Hinjewadi, Pune",8357962834,Sulekha
Modern Hotel,Gym,Nashik,"Baner, Nashik",8816556855,Sulekha
Smart Hotel,Hotel,Chennai,"Hinjewadi, Chennai",6553819702,Justdial
Shree Restaurant,Cafe,Nashik,"CP, Nashik",7550671761,Justdial
Modern Restaurant,Salon,Hyderabad,"Kharadi, Hyderabad",9986488866,Sulekha
Elite Salon,Hospital,Mumbai,"Baner, Mumbai",9071747390,Google
Modern Cafe,Restaurant,Mumbai,"CP, Mumbai",8178365052,Justdial
Prime Cafe,Hotel,Pune,"Kharadi, Pune",6880675389,Justdial
Royal Restaurant,Hotel,Pune,"MG Road, Pune",7743611328,Sulekha
Royal Restaurant,Dental,Pune,"Hinjewadi, Pune",9797805578,Sulekha
Metro Gym,Hotel,Delhi,"Baner, Delhi",6775965286,Sulekha
Metro Cafe,Hospital,Hyderabad,"Powai, Hyderabad",7119439642,Justdial
Elite Fitness Center,Hotel,Chennai,"Powai, Chennai",8228123191,Justdial
Prime Salon,Hospital,Hyderabad,"Kharadi, Hyderabad",8771094126,Justdial
Prime Salon,Hospital,Bangalore,"Bandra, Bangalore",6018710890,Sulekha
Urban Hotel,Salon,Chennai,"Hinjewadi, Chennai",8202593773,Justdial
Urban Gym,Salon,Bangalore,"Kharadi, Bangalore",9991491538,Sulekha
Shree Salon,Hospital,Chennai,"Bandra, Chennai",6261261912,Google
Smart Cafe,Gym,Chennai,"Baner, Chennai",8656420193,Google
Urban Fitness Center,Gym,Pune,"Kharadi, Pune",6633756381,Justdial
Elite Salon,Restaurant,Delhi,"Baner, Delhi",7524915359,Google
Smart Cafe,Cafe,Mumbai,"Kharadi, Mumbai",7680832298,Justdial
Prime Fitness Center,Hotel,Delhi,"Baner, Delhi",6161749716,Justdial
Prime Restaurant,Restaurant,Nashik,"Andheri, Nashik",9993402183,Sulekha
Sai Salon,Hotel,Chennai,"Powai, Chennai",7647905373,Justdial
Elite Hospital,Hospital,Bangalore,"Bandra, Bangalore",6193801943,Sulekha
Smart Fitness Center,Dental,Hyderabad,"Kharadi, Hyderabad",6287353020,Justdial
Urban Restaurant,Hotel,Hyderabad,"Hinjewadi, Hyderabad",9151827566,Sulekha
Shree Hospital,Salon,Pune,"Bandra, Pune",6028431852,Justdial
Star Hospital,Hotel,Bangalore,"Powai, Bangalore",8613947636,Sulekha
Royal Hotel,Cafe,Hyderabad,"MG Road, Hyderabad",6598653909,Google
Elite Salon,Hotel,Hyderabad,"Andheri, Hyderabad",6510161150,Justdial
Modern Hospital,Salon,Nashik,"MG Road, Nashik",9705672332,Google
Smart Gym,Salon,Nashik,"Kharadi, Nashik",8266252126,Sulekha
Sai Gym,Salon,Mumbai,"Powai, Mumbai",6128502854,Justdial
Prime Fitness Center,Hospital,Hyderabad,"Hinjewadi, Hyderabad",6508856915,Google
Royal Restaurant,Hospital,Bangalore,"Kharadi, Bangalore",6450130080,Justdial
Shree Cafe,Salon,Bangalore,"Baner, Bangalore",6493428771,Sulekha
Elite Cafe,Gym,Chennai,"Kharadi, Chennai",9545104533,Google
Sai Hotel,Gym,Chennai,"CP, Chennai",8388493743,Justdial
Sai Restaurant,Hospital,Delhi,"Andheri, Delhi",9555037518,Justdial
Elite Dental Clinic,Dental,Pune,"Baner, Pune",8900257630,Google
Sai Hotel,Dental,Chennai,"Baner, Chennai",8407649604,Justdial
Royal Dental Clinic,Salon,Nashik,"MG Road, Nashik",8345618601,Sulekha
Metro Hotel,Restaurant,Bangalore,"Kharadi, Bangalore",7528927082,Google
Sai Cafe,Gym,Delhi,"Hinjewadi, Delhi",8960858229,Justdial
Urban Cafe,Hospital,Chennai,"Powai, Chennai",9859779901,Sulekha
Sai Salon,Restaurant,Pune,"Hinjewadi, Pune",6817009232,Justdial
Royal Gym,Hotel,Delhi,"Hinjewadi, Delhi",9179884332,Google
Smart Dental Clinic,Gym,Nashik,"Hinjewadi, Nashik",7644131769,Sulekha
Smart Fitness Center,Gym,Nashik,"Bandra, Nashik",9294189185,Justdial
Sai Cafe,Gym,Chennai,"CP, Chennai",9318005159,Justdial
Prime Hospital,Cafe,Pune,"CP, Pune",8224551101,Justdial
Urban Dental Clinic,Salon,Pune,"Kharadi, Pune",6342149126,Google
Sai Fitness Center,Hospital,Mumbai,"Bandra, Mumbai",9089135962,Sulekha
Royal Gym,Hospital,Mumbai,"Kharadi, Mumbai",9126404972,Justdial
Prime Cafe,Salon,Pune,"Andheri, Pune",7958226800,Justdial
Metro Restaurant,Dental,Chennai,"Baner, Chennai",9044383151,Justdial
Shree Hospital,Dental,Bangalore,"Baner, Bangalore",6299616361,Sulekha
Star Dental Clinic,Restaurant,Mumbai,"Powai, Mumbai",6780783247,Sulekha
Smart Gym,Hospital,Mumbai,"Bandra, Mumbai",6643045701,Justdial
Prime Hotel,Cafe,Delhi,"Andheri, Delhi",9839820622,Justdial
Star Salon,Gym,Pune,"Andheri, Pune",7859015437,Sulekha
Elite Gym,Restaurant,Mumbai,"Andheri, Mumbai",8219737069,Sulekha
Sai Hotel,Gym,Hyderabad,"Powai, Hyderabad",7435062625,Sulekha
Royal Restaurant,Restaurant,Pune,"Baner, Pune",7759323968,Justdial
Urban Gym,Dental,Delhi,"Powai, Delhi",6902777421,Sulekha
Elite Restaurant,Restaurant,Chennai,"Powai, Chennai",8743973281,Sulekha
Modern Hospital,Gym,Chennai,"CP, Chennai",6696580857,Sulekha
Metro Gym,Restaurant,Mumbai,"Powai, Mumbai",6310035816,Google
Smart Cafe,Salon,Mumbai,"Baner, Mumbai",9031001994,Google
Shree Restaurant,Cafe,Bangalore,"Powai, Bangalore",6545690560,Google
Elite Fitness Center,Cafe,Hyderabad,"Bandra, Hyderabad",6140298358,Justdial
Star Gym,Hospital,Mumbai,"Baner, Mumbai",6090836347,Sulekha
Urban Fitness Center,Hotel,Bangalore,"Andheri, Bangalore",7554943828,Justdial
Sai Cafe,Salon,Chennai,"Powai, Chennai",6835325431,Google
Modern Hospital,Gym,Mumbai,"MG Road, Mumbai",8002231333,Justdial
Elite Hotel,Hospital,Delhi,"CP, Delhi",7899003514,Justdial
Elite Restaurant,Hospital,Delhi,"Powai, Delhi",6184128688,Justdial
Star Fitness Center,Salon,Mumbai,"Baner, Mumbai",9387401241,Sulekha
Royal Hotel,Salon,Mumbai,"Hinjewadi, Mumbai",9016274706,Justdial
Smart Fitness Center,Hotel,Mumbai,"Powai, Mumbai",8574527130,Justdial
Elite Hospital,Hotel,Delhi,"Hinjewadi, Delhi",9043830644,Sulekha
Prime Salon,Gym,Bangalore,"Andheri, Bangalore",7464264465,Justdial
Royal Gym,Dental,Bangalore,"Bandra, Bangalore",6613090931,Justdial
Shree Restaurant,Salon,Mumbai,"Kharadi, Mumbai",9765943811,Google
Star Gym,Salon,Bangalore,"CP, Bangalore",6253824265,Google
Smart Fitness Center,Dental,Bangalore,"Kharadi, Bangalore",8134680995,Google
Urban Fitness Center,Restaurant,Bangalore,"Kharadi, Bangalore",8848707648,Justdial
Prime Restaurant,Hospital,Delhi,"Kharadi, Delhi",6171902805,Google
Sai Hospital,Restaurant,Chennai,"Powai, Chennai",6447943297,Google
Modern Dental Clinic,Gym,Hyderabad,"Bandra, Hyderabad",7145045528,Google
Smart Hotel,Salon,Nashik,"MG Road, Nashik",6849967118,Justdial
Shree Gym,Restaurant,Hyderabad,"Bandra, Hyderabad",7751352305,Google
Shree Gym,Salon,Mumbai,"Baner, Mumbai",9255115968,Google
Modern Cafe,Restaurant,Pune,"MG Road, Pune",6732806992,Sulekha
Metro Hotel,Hotel,Nashik,"Andheri, Nashik",7911349271,Google
Modern Gym,Gym,Mumbai,"Baner, Mumbai",7363540216,Justdial
Sai Cafe,Gym,Hyderabad,"Hinjewadi, Hyderabad",9534576840,Sulekha
Metro Fitness Center,Dental,Chennai,"Baner, Chennai",7767229172,Justdial
Shree Hospital,Cafe,Bangalore,"Baner, Bangalore",6385911764,Justdial
Metro Cafe,Cafe,Hyderabad,"MG Road, Hyderabad",7467509585,Sulekha
Prime Hotel,Restaurant,Pune,"Bandra, Pune",7597403239,Sulekha
Prime Cafe,Salon,Mumbai,"Bandra, Mumbai",7419726512,Justdial
Elite Gym,Cafe,Pune,"Baner, Pune",8695784977,Google
Shree Fitness Center,Restaurant,Hyderabad,"MG Road, Hyderabad",9832877713,Justdial
Urban Hospital,Hospital,Chennai,"Kharadi, Chennai",8016776079,Justdial
Sai Restaurant,Hospital,Pune,"Kharadi, Pune",7408305451,Justdial
